region_exposure	Oceania	-32.395085	152.518443
region_exposure	Eastern Asia	32.974946	103.95701
region_exposure	Southeastern Asia	3.96578	108.343168
region_exposure	Southern Asia	27.961237	71.898465
region_exposure	Central Asia	43.735259	64.932677
region_exposure	Western Asia	32.154283	39.200932
region_exposure	Northern Europe	60.29676	-1.280624
region_exposure	Western Europe	49.469435	6.367516
region_exposure	Eastern Europe	52.111961	31.781771
region_exposure	Southern Europe	41.315616	9.202824
region_exposure	Northern Africa	27.568083	9.819491
region_exposure	Western Africa	11.900251	2.404138
region_exposure	Middle Africa	-2.494433	21.016337
region_exposure	Eastern Africa	-2.139111	36.089406
region_exposure	Southern Africa	-25.274833	23.448701
region_exposure	Central America	17.136938	-93.867420
region_exposure	South America	-20.172215	-58.168541
region_exposure	Caribbean	18.087038	-67.891559
region_exposure	North America	49.384464	-95.153337
region_exposure	Europe	51.0	10.0
region_exposure	Africa	11.5024338	17.7578122
region_exposure	Asia	51.2086975	89.2343748

country_exposure	Argentina	-34.9964963	-64.9672817
country_exposure	Brazil	-10.3333333	-53.2
country_exposure	Aruba	12.4902998	-69.9609842
country_exposure	Australia	-24.7761086	134.755
country_exposure	Austria	46.6170546	13.865275628046504
country_exposure	Belgium	50.2948583	5.103519925004947
country_exposure	Portugal	39.4516725	-31.2686628
country_exposure	United Kingdom	52.4897433	-1.8540988
country_exposure	Italy	45.022433750000005	7.671010228909679
country_exposure	Canada	61.0666922	-107.991707
country_exposure	Chile	-31.7613365	-71.3187697
country_exposure	Colombia	2.8894434	-73.783892
country_exposure	Costa Rica	9.5773243	-83.82371114343024
country_exposure	Croatia	45.3350062	18.9966594
country_exposure	Czech Republic	50.07896325	14.478515270536494
country_exposure	Denmark	55.67613	12.56571
country_exposure	Egypt	25.7046906	32.6333138
country_exposure	Finland	60.455645	22.276122
country_exposure	France	48.8787676	2.3222643
country_exposure	China	22.421209500000003	114.20904780051748
country_exposure	Germany	54.3482243	10.117805527229162
country_exposure	Ghana	5.6128149	-0.2755447
country_exposure	Greece	39.6383488	22.4181664
country_exposure	Indonesia	-7.2160705499999995	107.90866399789346
country_exposure	Ireland	54.60381085	-5.914260013719986
country_exposure	Israel	32.373458	35.0675511
country_exposure	Philippines	9.5460961	122.5198682
country_exposure	South Korea	35.19008635	129.0595105381529
country_exposure	Qatar	25.3142838	51.5198612
country_exposure	Netherlands	51.4700652	3.684924675367413
country_exposure	Japan	35.70599945	139.53450218393283
country_exposure	Jordan	31.945521550000002	35.9312518564239
country_exposure	Luxembourg	48.0782309	7.3303424
country_exposure	Malaysia	3.1043547499999997	101.6377344070396
country_exposure	Mexico	22.5000485	-100.0000375
country_exposure	New Zealand	-41.5000831	172.8344077
country_exposure	Norway	63.4352476	10.411521
country_exposure	Panama	8.559559	-81.1308434
country_exposure	Paraguay	-23.3165935	-58.1693445
country_exposure	Peru	-6.8699697	-75.0458515
country_exposure	Turkey	41.06606835	28.777094917666467
country_exposure	Poland	53.5779678	23.1067071
country_exposure	Romania	44.4899733	9.768055
country_exposure	Russia	53.38911965	58.94525504379877
country_exposure	Singapore	1.35862245	103.93147757443202
country_exposure	Sint Maarten	52.7736657	4.7448352
country_exposure	Slovenia	46.5603118	15.6683439
country_exposure	Spain	39.5079538	2.5315622
country_exposure	Suriname	4.1413025	-56.0771187
country_exposure	Sweden	57.70263305	13.500477124981948
country_exposure	Switzerland	47.0554634	8.3237819
country_exposure	Thailand	13.61296675	101.34145357567472
country_exposure	USA	39.7837304	-100.4458825
country_exposure	Uruguay	-32.8755548	-56.0201525

division_exposure	Argentina	-34.9964963	-64.9672817
division_exposure	Buenos Aires	-34.6075682	-58.4370894
division_exposure	Brazil	-10.3333333	-53.2
division_exposure	Santa Fe	-30.3154739	-61.1645076
division_exposure	Aruba	12.4902998	-69.9609842
division_exposure	New South Wales	-31.8759835	147.2869493
division_exposure	Australia	-24.7761086	134.755
division_exposure	Victoria	-36.5986096	144.6780052
division_exposure	Western Australia	-25.2303005	121.0187246
division_exposure	Vienna	48.201743449999995	16.39662640584898
division_exposure	Vlaams-Brabant	50.9076073	4.507214
division_exposure	Antwerpen	51.3683526	4.4696726
division_exposure	Gent	51.0480767	3.8229272
division_exposure	Roeselare	50.951621900000006	3.1491949029454553
division_exposure	Belgium	50.2948583	5.103519925004947
division_exposure	Dendermonde	51.02820735	3.870997923020181
division_exposure	Brussels	50.89416405	4.338743596346902
division_exposure	Namur	50.2948583	5.103519925004947
division_exposure	Wallonia	50.2948583	5.103519925004947
division_exposure	Hasselt	51.076410100000004	5.141671316023276
division_exposure	Liège	50.5396618	5.8666053
division_exposure	Brabant Wallon	50.684378249999995	4.38212145455792
division_exposure	Hainaut	50.4525367	3.9808605
division_exposure	Oudenaarde	50.8619738	3.5992972
division_exposure	Mechelen	51.0490384	4.4523403
division_exposure	Turnhout	51.12662655	4.943886781197314
division_exposure	Leuven	50.9099591	4.5672158
division_exposure	Charleroi	50.4260554	4.446213240098642
division_exposure	La Louvière	50.4302195	4.262778279823477
division_exposure	Philippeville	50.0079207	4.6674366
division_exposure	Alagoas	-9.6611661	-36.6502426
division_exposure	Amazonas BR	-3.07006	-60.00643
division_exposure	Piaui	-7.6992782	-42.5043787
division_exposure	Portugal	39.4516725	-31.2686628
division_exposure	Minas Gerais	-18.5264844	-44.1588654
division_exposure	São Paulo	-23.5506507	-46.6333824
division_exposure	Amapa	1.3545442	-51.9161977
division_exposure	Bahia	-12.285251	-41.9294776
division_exposure	Ceará	-5.3264703	-39.7156073
division_exposure	Distrito Federal	-15.7754462	-47.7970891
division_exposure	Espirito Santo	-19.5687682	-40.1721991
division_exposure	United Kingdom	52.4897433	-1.8540988
division_exposure	Goiás	-15.9323662	-50.1392928
division_exposure	Maranhão	-5.2085503	-45.3930262
division_exposure	Paraná	-24.4842187	-51.8148872
division_exposure	Mato Grosso do Sul	-19.5852564	-54.4794731
division_exposure	Mato Grosso	-12.2115009	-55.5716547
division_exposure	Para	-4.7493933	-52.8973006
division_exposure	Paraiba	-7.1219366	-36.7246845
division_exposure	Pernambuco	-8.4116316	-37.5919699
division_exposure	Rio de Janeiro	-22.9110137	-43.2093727
division_exposure	Rio Grande do Norte	-5.6781175	-36.4781776
division_exposure	Rondonia	-10.943145	-62.8277863
division_exposure	Roraima	2.135138	-61.3631922
division_exposure	Rio Grande do Sul	-29.8425284	-53.7680577
division_exposure	Santa Catarina	-27.0628367	-51.114965
division_exposure	Sergipe	-10.6743911	-37.3773519
division_exposure	Italy	45.022433750000005	7.671010228909679
division_exposure	Tocantins	-10.8855129	-48.3716912
division_exposure	British Columbia	55.001251	-125.002441
division_exposure	Ontario	50.000678	-86.000977
division_exposure	New Brunswick	46.500283	-66.750183
division_exposure	Nova Scotia	45.1960403	-63.1653789
division_exposure	Quebec	52.4760892	-71.8258668
division_exposure	Los Lagos	-42.300844	-73.105387
division_exposure	Maule	-35.5972284	-71.48868
division_exposure	Ñuble	-36.6331577	-71.9384821
division_exposure	Region Metropolitana de Santiago	-33.5739341	-70.6205518
division_exposure	Tarapacá	-20.1636672	-69.5463448
division_exposure	Valparaiso	-33.0458456	-71.6196749
division_exposure	Bogota	4.6533326	-74.083652
division_exposure	Quindio	4.3435926	-75.7232898
division_exposure	Alajuela	10.4624947	-84.46749800761293
division_exposure	Heredia	10.376781300000001	-84.01397213548543
division_exposure	Zagreb	45.780074400000004	15.923789436803428
division_exposure	Denmark	55.67613	12.56571
division_exposure	Hovedstaden	55.67613	12.56571
division_exposure	Egypt	25.7046906	32.6333138
division_exposure	England	52.4897433	-1.8540988
division_exposure	Uusimaa	59.901994599999995	23.26352270017705
division_exposure	Auvergne-Rhône-Alpes	45.2407101	5.6777832
division_exposure	Bretagne	48.5171816	-2.7416429
division_exposure	Centre-Val de Loire	47.4229164	0.6844393
division_exposure	Hauts de France	51.0431774	2.3971408
division_exposure	Ile de France	48.8787676	2.3222643
division_exposure	Nouvelle-Aquitaine	46.5918208	0.350981
division_exposure	Occitanie	43.4678364	1.3313252
division_exposure	Provence-Alpes-Côte d'Azur	43.5248813	5.4294961
division_exposure	Pays de la Loire	47.4867385	-0.5270855
division_exposure	France	48.8787676	2.3222643
division_exposure	French Guiana	5.16858945	-52.68625275666834
division_exposure	Bavaria	48.5313469	11.528660477532064
division_exposure	Hesse	49.9789225	8.3236598
division_exposure	Niedersachsen	52.424701	8.10456
division_exposure	Schleswig-Holstein	54.3482243	10.117805527229162
division_exposure	Saxony	52.424701	8.10456
division_exposure	Ghana	5.6128149	-0.2755447
division_exposure	Athens	38.0160306	23.7399071
division_exposure	East Java	-7.2410941	112.73810787166789
division_exposure	Cork	54.60381085	-5.914260013719986
division_exposure	Dublin	54.60381085	-5.914260013719986
division_exposure	Galway	53.29048349999999	-9.007345383964132
division_exposure	Kildare	54.60381085	-5.914260013719986
division_exposure	Limerick	52.664088	-8.6206562
division_exposure	Waterford	52.24463575	-7.1626859
division_exposure	Israel	32.373458	35.0675511
division_exposure	Abruzzo	42.2987765	14.0646518
division_exposure	Campania	40.8427742	14.2323112
division_exposure	Emilia-Romagna	44.4899733	9.768055
division_exposure	Lazio	41.6682627	12.648673430655021
division_exposure	Lombardy	45.561422	9.297067352064177
division_exposure	Tuscany	43.7696583	11.2646639
division_exposure	Veneto	45.4329842	11.3525194
division_exposure	Philippines	9.5460961	122.5198682
division_exposure	South Korea	35.19008635	129.0595105381529
division_exposure	Germany	54.3482243	10.117805527229162
division_exposure	Qatar	25.3142838	51.5198612
division_exposure	Netherlands	51.4700652	3.684924675367413
division_exposure	Japan	35.70599945	139.53450218393283
division_exposure	Amman	31.945521550000002	35.9312518564239
division_exposure	Luxembourg	48.0782309	7.3303424
division_exposure	Malaysia	3.1043547499999997	101.6377344070396
division_exposure	Chihuahua	28.5000001	-106.0000001
division_exposure	Mexico City	19.4326296	-99.1331785
division_exposure	Jalisco	20.3333331	-103.6666671
division_exposure	Nuevo Leon	26.2384363	-99.8873
division_exposure	Puebla	18.833333	-98.0
division_exposure	Quintana Roo	19.6666671	-88.5000001
division_exposure	Veracruz	19.333333	-96.666667
division_exposure	Drenthe	52.6438371	6.7335984
division_exposure	Gelderland	51.9754085	5.9700451
division_exposure	Groningen	53.2400881	6.5375988
division_exposure	Limburg	50.92480595	5.781209843616071
division_exposure	North Brabant	51.6943554	5.054231847468063
division_exposure	North Holland	52.76409755	5.037636349129134
division_exposure	Overijssel	52.2243342	6.8919071
division_exposure	Utrecht	51.9872865	5.106529
division_exposure	South Holland	51.7132484	4.279095032615729
division_exposure	Zeeland	51.4700652	3.684924675367413
division_exposure	Canterbury	-43.49417615	171.8098447584145
division_exposure	Trondelag	63.4352476	10.411521
division_exposure	Viken	59.7428924	10.1569986
division_exposure	Oslo	59.9614513	10.9250145
division_exposure	Norway	63.4352476	10.411521
division_exposure	Panama Center	24.905992	67.0656066
division_exposure	Paraguay	-23.3165935	-58.1693445
division_exposure	Huanuco	-9.5	-75.833333
division_exposure	Lima	-12.0621065	-77.0365256
division_exposure	Loreto	-5.0	-75.0
division_exposure	Western Visayas	9.5460961	122.5198682
division_exposure	Turkey	41.06606835	28.777094917666467
division_exposure	Soccsksargen	6.94109205	125.06551402562438
division_exposure	Calabarzon	14.2200232	120.96596079775114
division_exposure	Bucharest	44.4192128	26.1394005
division_exposure	Chelyabinsk	53.38911965	58.94525504379877
division_exposure	Sverdlovsk	56.8705645	60.0479626
division_exposure	Scotland	57.51976465	-4.082066097085697
division_exposure	Singapore	1.35862245	103.93147757443202
division_exposure	Sint Maarten	52.7736657	4.7448352
division_exposure	Asturias	43.3033703	-4.8195534
division_exposure	Canary Islands	28.0563358	-16.7351249
division_exposure	Catalunya	41.396781	2.1521881
division_exposure	Murcia	37.936547899999994	-1.181633326132044
division_exposure	Madrid	48.8787676	2.3222643
division_exposure	Basque Country	43.2716263	-2.9642343537773606
division_exposure	Suriname	4.1413025	-56.0771187
division_exposure	Ostergotland	58.60373795	16.18611495827167
division_exposure	Skane	55.9278149	14.3101482
division_exposure	Bern	47.1260185	7.2400325
division_exposure	Basel-Stadt	47.5632757	7.5968304
division_exposure	Geneva	46.2264627	6.1402595
division_exposure	Graubünden	46.79680765	9.821637929534006
division_exposure	Vaud	46.5197341	6.6320575
division_exposure	Valais	46.1357868	7.6254788
division_exposure	Zürich	47.364231	8.5471877
division_exposure	Switzerland	47.0554634	8.3237819
division_exposure	Istanbul	21.4173497	39.9001468
division_exposure	Alaska	64.4459613	-149.680909
division_exposure	Alabama	33.2588817	-86.8295337
division_exposure	Arizona	34.395342	-111.763275
division_exposure	California	36.7014631	-118.755997
division_exposure	Colorado	38.7251776	-105.607716
division_exposure	Connecticut	41.6500201	-72.7342163
division_exposure	Washington DC	38.912708	-77.009223
division_exposure	Florida	27.7567667	-81.4639835
division_exposure	Georgia	32.3293809	-83.1137366
division_exposure	Hawaii	19.58726775	-155.42688965312746
division_exposure	Illinois	40.0796606	-89.4337288
division_exposure	Indiana	39.768534	-86.158011
division_exposure	Kentucky	37.5726028	-85.1551411
division_exposure	Massachusetts	42.3788774	-72.032366
division_exposure	Maryland	39.5162234	-76.9382069
division_exposure	Maine	45.709097	-68.8590201
division_exposure	Michigan	43.6211955	-84.6824346
division_exposure	Minnesota	45.9896587	-94.6113288
division_exposure	Missouri	38.7604815	-92.5617875
division_exposure	Mississippi	32.9715645	-89.7348497
division_exposure	North Carolina	35.6729639	-79.0392919
division_exposure	Nebraska	41.7370229	-99.5873816
division_exposure	New Hampshire	43.4849133	-71.6553992
division_exposure	New Jersey	40.0757384	-74.4041622
division_exposure	New Mexico	34.5708167	-105.993007
division_exposure	Nevada	39.5158825	-116.8537227
division_exposure	New York	40.7127281	-74.0060152
division_exposure	Ohio	40.2253569	-82.6881395
division_exposure	Oklahoma	34.9550817	-97.2684063
division_exposure	Oregon	43.9792797	-120.737257
division_exposure	Pennsylvania	40.9699889	-77.7278831
division_exposure	Puerto Rico	18.235853	-66.522056
division_exposure	Rhode Island	41.7962409	-71.5992372
division_exposure	South Carolina	33.6874388	-80.4363743
division_exposure	Tennessee	35.7730076	-86.2820081
division_exposure	Texas	31.8160381	-99.5120986
division_exposure	Utah	39.4225192	-111.714358
division_exposure	Virginia	37.1232245	-78.4927721
division_exposure	Virgin Islands	17.727304	-64.748327
division_exposure	Vermont	44.5990718	-72.5002608
division_exposure	Washington	38.8949924	-77.0365581
division_exposure	Wisconsin	44.4308975	-89.6884637
division_exposure	West Virginia	38.4758406	-80.8408415
division_exposure	Artigas	-30.6170756	-56.9373451
division_exposure	Rivera	-30.900058	-55.5408151
division_exposure	Wales	54.5657679	-1.3072034073205256

location	Amston-Mansfield	41.74139	-72.33055
location	Ashford-Putnam	41.90667	-71.94786
location	Avon-Plainville	41.73374	-72.85787
location	Bloomfield-Windsor	41.88873	-72.61482
location	Branford-Madison	41.32118	-72.70527
location	Bridgeport	41.18727	-73.19104
location	Brookfield-Newtown	41.41073	-73.33584
location	Burlington-Bristol	41.71955	-72.94915
location	Cheshire-Wallingford	41.48691	-72.85456
location	Colchester-Uncasville	41.53843	-72.19459
location	Colebrook-Torrington	41.91402	-73.06821
location	Danbury-Sherman	41.46405	-73.47903
location	EastHartford	41.76454	-72.61682
location	EastHaven-Northford	41.34362	-72.82195
location	Greenwich	41.04717	-73.60591
location	Groton-Stonington	41.4027	-71.95731
location	Haddam-Westbrook	41.39037	-72.48461
location	Hamden	41.38527	-72.92088
location	Hartford	41.76862	-72.68533
location	Hartland-Granby	41.92127	-72.87022
location	Litchfield-Watertown	41.66913	-73.1494
location	Lyme-NewLondon	41.35512	-72.20174
location	Manchester	41.7821	-72.5233
location	Meriden	41.53886	-72.79955
location	Middletown-EastHampton	41.55814	-72.61661
location	Milford	41.22706	-73.0631
location	New-Haven	41.31245	-72.92539
location	NewBritain	41.67028	-72.78829
location	Newington-Glastonbury	41.67574	-72.60165
location	Norwalk	41.10177	-73.4217
location	Norwich-Voluntown	41.57241	-72.00081
location	Prospect-Orange	41.37518	-73.03347
location	Ridgefield-Easton	41.27618	-73.39021
location	Salisbury-NewMilford	41.77119	-73.37159
location	Somers-Tolland	41.91828	-72.3719
location	Southbury-Naugatuck	41.4767	-73.12099
location	Southington-Berlin	41.58962	-72.85217
location	Stamford	41.08487	-73.5399
location	Stratford	41.20217	-73.13096
location	Suffield-Enfield	41.99664	-72.64146
location	Trumbull-Shelton	41.30387	-73.19185
location	Waterbury-Wolcott	41.56305	-73.02595
location	WestHartford	41.75839	-72.74562
location	WestHaven	41.27257	-72.96497
location	Westport-Fairfield	41.16285	-73.28996
location	Wilton-Darien	41.14793	-73.47296
location	Windham-Sterling	41.71698	-72.01233
location	Larchmont	40.9278769	-73.7517983
location	Rye	40.9808209	-73.684294
location	Farmingdale	40.7356738	-73.4417524
location	Bronxville	40.9381544	-73.8320784
location	New-York-State	43.1561681	-75.8449946
location	Mount Vernon	40.9125815	-73.8370786
location	Port Chester	41.0017643	-73.6656834
location	New Rochelle	40.9115386	-73.7826363
location	Yorktown Heights	41.2695965	-73.77527040089426
location	Middlesex	42.485452	-71.3968261
location	Rhode Island	41.7962409	-71.5992372
location	Plymouth	41.9583799	-70.6673851
location	Suffolk	42.358796	-71.0577937
location	Hampden	42.0640239	-72.4186602
location	Bristol	41.7425538	-71.0856545
location	Essex	42.6320389	-70.7828255
location	Barnstable	41.7001132	-70.2994666
location	Worcester	42.2761217	-71.8058232
location	Florida	27.7567667	-81.4639835
location	Australia	-24.7761086	134.755
location	Bahrain	26.1551249	50.5344606
location	Washington	47.2868352	-120.212613
location	Belgium	50.6402809	4.6667145
location	British Columbia	55.001251	-125.002441
location	Manitoba	55.001251	-97.001038
location	New Brunswick	46.500283	-66.750183
location	Newfoundland and Labrador	53.8217327	-61.2295532
location	Nova Scotia	45.1960403	-63.1653789
location	Ontario	50.000678	-86.000977
location	Quebec	52.4760892	-71.8258668
location	Denmark	55.670249	10.3333283
location	England	52.5310214	-1.2649062
location	Finland	63.2467777	25.9209164
location	France	46.603354	1.8883335
location	Germany	51.0834196	10.4234469
location	China	35.000074	104.999927
location	Hong Kong	22.2793278	114.1628131
location	Indonesia	-2.4833826	117.8902853
location	Iran	32.6475314	54.5643516
location	Israel	31.5313113	34.8667654
location	Italy	42.6384261	12.674297
location	Japan	36.5748441	139.2394179
location	Jordan	31.1667049	36.941628
location	Kazakhstan	47.2286086	65.2093197
location	Malaysia	4.5693754	102.2656823
location	Netherlands	52.5001698	5.7480821
location	Northern Ireland	54.5859836	-6.9591554
location	Norway	60.5000209	9.0999715
location	Oman	21.0000287	57.0036901
location	Portugal	40.0332629	-7.8896263
location	Russia	64.6863136	97.7453061
location	Scotland	56.7861112	-4.1140518
location	Singapore	1.357107	103.8194992
location	South Africa	-28.8166236	24.991639
location	South Korea	36.638392	127.6961188
location	Spain	39.3262345	-4.8380649
location	Sri Lanka	7.5554942	80.7137847
location	Switzerland	46.7985624	8.2319736
location	Taiwan	23.9739374	120.9820179
location	Thailand	14.8971921	100.83273
location	Alaska	61.5840639	-149.429444
location	Arizona	34.395342	-111.763275
location	California	34.056324	-117.1817339
location	Colorado	38.7251776	-105.607716
location	Delaware	38.6920451	-75.4013315
location	Georgia	33.7501687	-84.3859549
location	Hawaii	21.405690550000003	-157.81444575743768
location	Iowa	42.070703	-90.6443905
location	Idaho	43.6447642	-114.015407
location	Illinois	41.8908132	-87.6277338
location	Indiana	39.768534	-86.158011
location	Kansas	37.8222598	-96.8784257
location	Louisiana	30.8703881	-92.007126
location	Maryland	39.5162234	-76.9382069
location	Michigan	42.120868	-85.526382
location	Minnesota	45.9896587	-94.6113288
location	Missouri	38.7604815	-92.5617875
location	Montana	47.1219096	-104.66449332432518
location	North Carolina	35.6729639	-79.0392919
location	Nebraska	40.276199	-96.710805
location	New Mexico	32.8684408	-108.5746086
location	Nevada	39.5158825	-116.8537227
location	New York City	42.6840289	-73.84800690530612
location	Manhattan	40.7896239	-73.9598939
location	Brooklyn	40.6501038	-73.9495823
location	Queens	40.7498243	-73.7976337
location	Nassau County	40.7430237	-73.56882214900722
location	Rockland County	41.1519319	-74.0357266
location	Greene County	42.2628769	-74.0878112
location	Oneida County	43.2144051	-75.4039155
location	Oregon	43.9792797	-120.737257
location	Pennsylvania	39.9593026	-75.200498
location	South Carolina	33.6874388	-80.4363743
location	South Dakota	44.6471761	-100.348761
location	Tennessee	35.1206029	-89.9392477
location	Texas	29.8884765	-97.94479885849292
location	Utah	37.654791700000004	-113.08566672138414
location	Virginia	37.1232245	-78.4927721
location	Wisconsin	44.4308975	-89.6884637
location	Wyoming	41.145138	-104.7689332
location	Ukraine	49.4871968	31.2718321
location	United Arab Emirates	24.0002488	53.9994829
location	Vietnam	13.2904027	108.4265113
location	Wales	52.2928116	-3.73893
location	La Matanza	-34.6498959	-58.5799299
location	Lanús	-34.7033363	-58.3953235
location	Tres de Febrero	-38.7339587	-62.2254137
location	La Costa	-35.5055049	-58.953538
location	Vicente Lopez	-34.52955795	-58.506973968642164
location	Malvinas Argentinas	-37.9626549	-57.5915446
location	General San Martin	-34.5762765	-58.5388435
location	Almirante Brown	-34.57917795	-60.968090100555806
location	Berazategui	-34.7632677	-58.2116604
location	Lomas de Zamora	-34.7572582	-58.4026638
location	Necochea	-38.5545494	-58.7392624
location	Olavarría	-36.8939975	-60.3227331
location	Berisso	-34.8688565	-57.8828667
location	La Plata	-34.9206797	-57.9537638
location	Quilmes	-34.7303025	-58.268868
location	Avellaneda	-34.6648394	-58.3628061
location	Moreno	-34.6396556	-58.7898326
location	Puerto Vilelas	-27.5171208	-58.9405157
location	Zapala	-38.9029381	-70.0642572
location	Las Lajas	-38.5235152	-70.3616347
location	Cipolletti	-38.9278173	-67.9925103
location	Cordoba AR	-31.2244259	-65.3016865
location	Villa Dolores	-34.8799593	-57.8661544
location	Totoras	-32.586567200000005	-61.17253811464835
location	Cañuelas	-35.0540248	-58.7617379
location	Sydney	-33.8548157	151.2164539
location	Vienna	48.2083537	16.3725042
location	Schwaz	47.3449529	11.7084253
location	Pabna	24.005	89.25
location	Dhamrai	23.920162	90.2108702
location	Berlaar	51.1179047	4.6575109
location	Zoutleeuw	50.8331973	5.1030991
location	Bruxelles	50.8465573	4.351697
location	Sint-Pieters-Leeuw	50.7800261	4.2443604
location	Herenthout	51.1392427	4.7543972
location	Bertem	50.8659846	4.6306262
location	Tervuren	50.8241883	4.5138824
location	Hemiksem	51.1430192	4.3409826
location	Bekkevoort	50.9439676	4.9744569
location	Wezembeek-Oppem	50.8440554	4.4871796
location	Niel	51.1098649	4.3303396
location	Ixelles	50.8331141	4.3668279
location	Overijse	50.7701622	4.5351806
location	Auderghem	50.8172355	4.4268982
location	Maceio	-9.6476843	-35.7339264
location	Manaus	-3.1316333	-59.9825041
location	Labrea	-7.2613683	-64.7924505
location	Manicoré	-5.804618	-61.289483
location	Presidente Figueiredo	-2.0486359	-60.0236658
location	Itacoatiara	-3.1477898	-58.4461041
location	Parintins	-2.6344567	-56.7319324
location	Tabatinga	-4.2327349	-69.9263372
location	Manacapuru	-3.2996768	-60.6213528
location	Iranduba	-3.2758203	-60.1867429
location	Anori	-3.7435254	-61.6605203
location	Itabuna	-14.7935179	-39.274318
location	Itajuipe	-14.6744381	-39.3759427
location	Itapitanga	-14.4213865	-39.5664662
location	Salvador	-12.9822499	-38.4812772
location	Porto Seguro	-16.443473	-39.064251
location	Fortaleza	-3.7304512	-38.5217989
location	Brasilia	-15.7934036	-47.8823172
location	Cariacica	-20.263202	-40.416549
location	Vitoria	-20.3200917	-40.3376682
location	Cachoeiro de Itapemirim	-20.848084	-41.11129
location	Ceres BR	-15.3184299	-50.0552811
location	Goiania	-16.680882	-49.2532691
location	Aparecida de Goiania	-16.8226769	-49.2452546
location	Sao Luis	-2.5634605	-44.2448718
location	Belo Horizonte	-19.9227318	-43.9450948
location	Alfenas	-21.4297405	-45.9479419
location	Montes Claros	-16.7273538	-43.8717676
location	Uberaba	-19.750833	-47.936666
location	Aquidauana	-20.473969	-55.7821375
location	Iguatemi	-23.673555	-54.563731
location	Itaquirai	-23.4801914	-54.1833692
location	Campo Grande	-20.4640173	-54.6162947
location	Alagoa Grande	-7.0415212	-35.6285322
location	Campina Grande	-7.2246743	-35.8771292
location	Inga	-7.2904513	-35.6109945
location	Queimadas	-7.3640404	-35.9016644
location	Rio Tinto	-6.803828	-35.077569
location	Santa Rita PB	-7.0853429	-34.9690693
location	Recife	-8.0584933	-34.8848193
location	Caruaru	-8.2829702	-35.9722852
location	Bela Vista do Paraiso	-22.9948493	-51.1907996
location	Maringa	-23.425269	-51.9382078
location	Dois Vizinhos	-25.7464681	-53.0554369
location	Londrina	-23.3112878	-51.1595023
location	Curitiba	-25.4295963	-49.2712724
location	Cianorte	-23.662036	-52.6103989
location	Vere	-25.8812309	-52.9081757
location	Santa Helena	-24.8591735	-54.3328813
location	Reboucas	-25.6259339	-50.6946598
location	Colombo	-25.2925439	-49.2243472
location	São João de Meriti	-22.8043744	-43.3724125
location	Rio de Janeiro	-22.9110137	-43.2093727
location	Nova Friburgo	-22.2800004	-42.5325303
location	Itaborai	-22.7496231	-42.8557428
location	Petropolis	-22.5075743	-43.1785356
location	Nova Iguacu	-22.7592175	-43.4508728
location	Maricá	-22.9196772	-42.8184375
location	Duque de Caxias	-22.7896225	-43.309929
location	Belford Roxo	-22.7667284	-43.4033603
location	Natal	-5.805398	-35.2080905
location	Garibaldi	-29.2562253	-51.5269167
location	Taquara	-29.6465318	-50.7805672
location	Canoas BR	-29.9245734	-51.1419597
location	Novo Hamburgo	-29.6905705	-51.1429035
location	Butia	-30.1256795	-51.9692224
location	Osorio	-29.8890733	-50.2740498
location	Esteio	-29.8511627	-51.1778852
location	Ibiruba	-28.630161	-53.096124
location	Marau	-14.103022	-39.0144322
location	Passo Fundo	-28.2550598	-52.3966606
location	Pelotas	-31.7699736	-52.3410161
location	Porto Alegre	-30.0324999	-51.2303767
location	Espumoso	-28.7256962	-52.8453751
location	Candelaria	-29.668391	-52.789495
location	Ijui	-28.3878734	-53.9201692
location	Chapeco	-27.0922364	-52.6166878
location	Aracaju	-10.9162061	-37.0774655
location	São Paulo	-23.5506507	-46.6333824
location	Poa	-23.5249082	-46.3445663
location	Andradina	-20.896505	-51.3742765
location	Presidente Prudente	-22.1225167	-51.3882528
location	Taboao Da Serra	-23.6121912	-46.7790539
location	Assis	-22.6620892	-50.420623
location	Tupa	-21.9349129	-50.5141255
location	Marilia	-22.217108	-49.95006
location	Mococa	-21.464731	-47.002405
location	Guarulhos	-23.4430602	-46.524459
location	Araraquara	-21.7886713	-48.1773096
location	Itapecerica Da Serra	-23.7176303	-46.8492435
location	Osasco	-23.5324859	-46.7916801
location	Santos	-23.960833	-46.333889
location	Sao Vicente	-23.9603686	-46.3847024
location	Jau	-22.293585	-48.559193
location	Bocaina	-22.1421831	-48.522276
location	Igaracu do Tiete	-22.5165369	-48.5582558
location	Dois Corregos	-22.3697554	-48.3845315
location	Lins	-21.6741873	-49.7518932
location	Lencois Paulista	-22.6029897	-48.8031367
location	Bauru	-22.3218102	-49.0705863
location	Pirapozinho	-22.2738742	-51.4998867
location	Taciba	-22.3893943	-51.2888486
location	Itapetininga	-23.588607	-48.048326
location	Cotia	-23.603889	-46.918889
location	Maua	-23.6669527	-46.4616922
location	Sao Sebastiao	-23.8027866	-45.4070527
location	Piracicaba	-22.72528	-47.64917
location	Rio Grande Da Serra	-23.743724	-46.397084
location	Mongagua	-24.0959454	-46.6234361
location	Sao Jose Dos Campos	-23.1860383	-45.8866816
location	Ribeirao Preto	-21.178333	-47.8066671
location	Guarai	-8.835429	-48.511432
location	Bobo Dioulasso	11.1757783	-4.2957591
location	Toronto	43.6534817	-79.3839347
location	Antofagasta	-23.6463741	-70.3980033
location	Temuco	-38.7362611	-72.590546
location	Lautaro	-38.534312	-72.4350504
location	Padre las Casas	-38.7674245	-72.5956312
location	Paipote	-27.4147265	-70.2749806
location	Caldera	-27.0675545	-70.8222047
location	Copiapo	-27.3664685	-70.3322753
location	Concepcion CL	-37.0363636	-72.886734
location	Talcahuano	-36.7144863	-73.1141463
location	Curico	-34.985368	-71.2393705
location	Puerto Williams	-54.9354961	-67.6067034
location	Punta Arenas	-53.162664	-70.9080552
location	Maule	-35.5972284	-71.48868
location	Chillan	-36.6066616	-72.1033194
location	Puerto Montt	-41.4718121	-72.939621
location	La Pintana	-33.591388550000005	-70.63642326010053
location	Santiago	-33.4377756	-70.6504502
location	La Florida	-33.530816599999994	-70.54407548567474
location	La Granja	-33.53587875	-70.62228476523488
location	San Miguel	-33.49755675	-70.65216109880235
location	Puente Alto	-33.6095279	-70.5754736
location	San Jose de Maipo	-33.6403975	-70.3527845
location	San Ramon CL	-33.5406681	-70.6385855
location	Pudahuel	-33.4193729	-70.86335607718577
location	Estacion Central	-33.46294815	-70.70492135642672
location	Itagui	6.1724352	-75.6093254
location	Medellin	6.2443382	-75.573553
location	Barranquilla	10.9799669	-74.8013085
location	Cartagena	10.4195841	-75.5271224
location	Togui	5.917044199999999	-73.4964349053907
location	Popayan	2.4422295	-76.6072368
location	Ibague	4.4446595	-75.2430012
location	Riohacha	11.544634	-72.9069784
location	Pereira	4.8142613	-75.6946776
location	Espinal	4.1694098	-74.8896022123354
location	Coto Brus	8.8892463	-82.91898427298493
location	Golfito	8.533789500000001	-83.45844839937729
location	Oreamuno	9.9974653	-83.84570319897304
location	Zagreb	45.8131847	15.9771774
location	Esmeraldas EC	0.9508653	-79.6516527
location	Quito	-0.2201641	-78.5123274
location	Cluses	46.0603171	6.5804218
location	Lille FR	50.6189018	3.0503175
location	Marseille	43.2961743	5.3699525
location	Saint Herblain	47.2233007	-1.6346964
location	Cayenne GF	4.9371143	-52.3258307
location	Essen	51.4582235	7.0158171
location	Shenzhen	22.555454	114.0543297
location	Hangzhou	30.2489634	120.2052342
location	Raigad	18.4928092	73.13807095426539
location	Hyderabad	17.360589	78.4740613
location	Kolkata	22.5414185	88.35769124388872
location	North 24 Parganas	22.7182799	88.64248090898516
location	Mamuju	-2.6757443	118.8885839
location	Bnei Brak	32.0873899	34.8324376
location	Naples	40.8359336	14.2487826
location	Sassari	40.777800400000004	8.921996955790174
location	Padova	45.4077172	11.8734455
location	Tijuana	32.5010188	-116.9646629
location	Kerkrade	50.87489555	6.05938669638836
location	Ibri	23.2178676	56.4921938
location	Pedregal	9.0728036	-79.4265921
location	Río Abajo	9.0234437	-79.49648251744057
location	Juan Díaz	9.0431794	-79.4440515
location	Guadalupe	8.8619332	-79.816979
location	Veracruz	8.8913829	-79.6255991
location	Chilibre	9.1475286	-79.6196239
location	Pueblo Nuevo	9.01173565	-79.51194121530838
location	Nargana	9.4442179	-78.585351
location	Curundú	8.979600699999999	-79.53767981960621
location	Burunga	8.9670808	-79.6657715
location	Aligandí	9.222376749999999	-78.02332498166476
location	Arnulfo Arias	9.06654465	-79.48205042199974
location	Belisario Frías	9.07706385	-79.48883046105098
location	Arraiján	8.98985635	-79.6793266702984
location	Yaviza	8.1566735	-77.6920371
location	San Juan PA	-0.21490930000000003	-78.4337345
location	Betania	9.012685000000001	-79.52920651978945
location	Volcan	8.7734239	-82.6375763
location	Escobal	9.1478042	-79.9639856
location	Guabito	9.4957629	-82.6121137
location	Anton	8.473513	-80.1990243839517
location	Sambu	8.0273361	-78.2083096
location	Tocumen	9.0920363	-79.3816691
location	Jose D. Espinar	9.04693915	-79.47730691472555
location	Chachapoyas	-6.7246684	-77.7983662
location	Luya	-6.1646317	-77.9445731
location	Santa	-8.9874476	-78.6136857
location	Chiclayo	-6.766417	-79.8408308
location	Cañete	-12.8209798	-76.3594255
location	Lima	-12.0621065	-77.0365256
location	Tovarkovo	54.6774326	35.9381406
location	Vladivostok	43.1150678	131.8855768
location	Moscow	55.929035	37.518668082948246
location	Krasnyi Aduy	57.0938362	60.5886044
location	Pikine	14.751544	-17.396413
location	Diamniadio	14.7202187	-17.1842439
location	uMkhanyakude	-27.66222075	32.3027757724567
location	iLembe	-29.24108	31.23390089666667
location	Sevilla	37.3886303	-5.9953403
location	Malaga	36.7213028	-4.4216366
location	Velez Malaga	36.7818354	-4.0988099
location	Almeria	36.8414197	-2.4628135
location	Maracena	37.2076275	-3.633024
location	Rincon de la Victoria	36.7162109	-4.2793767
location	Fuente Vaqueros	37.2193966	-3.7833134
location	Las Palmas de Gran Canaria	28.128874	-15.4349448
location	Canovelles	41.6173948	2.28288
location	Manresa	41.7288939	1.8286765
location	Ames	42.89003	-8.6516271
location	Palma	39.5695818	2.6500745
location	Madrid	40.4167047	-3.7035825
location	Vitoria-Gasteiz	42.8465088	-2.6724025
location	San Sebastian	43.3224219	-1.9838889
location	Trapaga	43.3029245	-3.0169955
location	Haro	42.5768922	-2.8466768
location	Logrono	42.4661196	-2.4396676
location	Valencia ES	38.7076157	-0.1227395
location	Castellon de la Plana	39.9860347	-0.0377354
location	Taipei	25.0375198	121.5636796
location	Southwest Alaska	61.5840639	-149.429444
location	Matanuska-Susitna Valley	61.5840639	-149.429444
location	Navajo County	35.1819775	-110.3549451
location	Maricopa County	33.52347825	-112.20249125000001
location	Yuma County	32.68058185	-114.62402364125575
location	San Diego County	32.5433059	-117.0287114
location	Imperial County	32.675039850000005	-115.4984807751072
location	San Diego	32.5433059	-117.0287114
location	Los Angeles County	34.0745997	-118.0534304
location	San Joaquin County	37.989284	-121.3223764
location	Madera County	37.1716264	-119.7737991
location	Santa Clara County	37.24633935	-121.88798828045182
location	Humboldt County	40.5997415	-123.8997734
location	Alameda County	37.7787974	-122.23935449386153
location	Ventura County	34.2727885	-119.2609533
location	Contra Costa County	37.93348225	-122.0631367
location	Lake County IL	42.34326635	-87.89576277376983
location	Chicago	41.8966529	-87.6281533
location	New Orleans	29.9499323	-90.0701156
location	Madison Parish	32.3614697	-91.255051
location	East Baton Rouge Parish	30.54194545	-91.02783674963891
location	Douglas County NV	38.9777576	-119.8876398
location	Washoe County	39.5668684	-119.4872082
location	Bronx	40.8466508	-73.8785937
location	Columbia County NY	42.2217419	-73.8434841
location	Essex County NY	44.308476	-73.366163
location	Monroe County NY	43.1068843	-77.7092179
location	Saratoga County	42.84084555	-73.7765998
location	Onondaga County	43.06922635	-76.17248945485272
location	Richmond County	40.5207131	-74.2371281
location	New York County	40.7473207	-73.9881607
location	Albany County	42.6840289	-73.84800690530612
location	Niagara County	43.0844545	-79.06203979615707
location	Greene County NY	42.2242011	-73.8535331
location	Oneida County NY	43.122889	-75.29521
location	Columbus OH	39.3321206	-84.3508736
location	Multnomah County	45.5261935	-122.5903323
location	Washington County OR	45.788245	-123.2190656
location	Harris County	29.753294	-94.965044
location	Tarrant County	32.7563455	-97.0687526
location	Houston	29.7589382	-95.3676974
location	Yakima County	46.581071300000005	-120.49308306327268
location	Spokane County	47.7465317	-117.4012649
location	King County	47.7572727	-122.3120326
location	Lewis County WA	46.6317176	-123.2003455
location	Umatilla County	45.6416995	-118.7671122
location	Vernon County	43.5811229	-90.8231247
location	La Crosse County	43.8014053	-91.2395429
location	Dane County	43.0861737	-89.2066758
location	Jefferson County WI	43.013428	-88.807698
location	Milwaukee County	43.02988085	-87.92012556020981
location	Walworth County	42.60353345	-88.42385250776061
location	Sheboygan County	43.7128967	-87.9370433
location	Dodge County	43.413614	-88.7177834
location	Marquette County	43.03885465	-87.93155929358596
location	Kenosha County	42.5846773	-87.8212263
location	Polk County WI	45.613351	-92.489444
location	Chuy	-33.6937948	-53.4561114
location	Wuhan	30.5951051	114.2999353
location	Niteroi	-22.8832371	-43.1154552
location	Colina	-33.202472	-70.6749147
location	Maipu	-33.5094409	-70.756182
location	Nova Holinda	-2.45117	-48.4187217
location	Rueda	-33.3355941	-60.4589616
location	Koekelare	51.09122995	2.968139586416541
location	Ledegem	50.868978549999994	3.1176025915050873
location	Dworp	50.7305191	4.2986411
location	Kortemark	51.0314599	3.036868308654011
location	Zellik	50.8842475	4.2744185
location	Opwijk	50.9690529	4.1896665
location	Lebbeke	51.0004013	4.1307711
location	Gingelom	50.751534750000005	5.132409812775332
location	Herk-de-Stad	50.922291099999995	5.188430186895337
location	Forest	50.811795	4.3181187
location	Merchtem	50.9591981	4.2327769
location	Evere	50.8720096	4.4034182
location	Laken	50.883392	4.3487134
location	Woluwe-Saint-Pierre	50.8370253	4.4274636
location	Grimbergen	50.932060750000005	4.3725257305020655
location	Brakel	50.7979739	3.762778
location	Anderlecht	50.8390983	4.3296526
location	Sint-Katelijne-Waver	51.06232435	4.511427814014689
location	Berchem	51.1943524	4.4329972
location	Merksem	51.2438894	4.4397179
location	Deurne	51.20849	4.4719297
location	Wijnegem	51.2270761	4.5225318
location	's-Gravenwezel	51.2624856	4.5556038
location	Oevel	51.1377568	4.9053101
location	Mol	51.1840421	5.1155267
location	Meerhout	51.1317433	5.0772388
location	Geel	51.1610826	4.9903187
location	Burcht	51.2028046	4.3416362
location	Koningshooikt	51.0965644	4.6097183
location	Borsbeek	51.1928907	4.488953
location	Ranst	51.1962373	4.563813424474654
location	Borgerhout	51.2128453	4.4462406
location	Aartselaar	51.133297	4.3870241
location	Eindhout	51.1038459	5.0012703
location	Boom	51.0873789	4.3667216
location	Sint-Stevens-Woluwe	50.8662434	4.436057976358823
location	Watermael-Boitsfort	50.7981063	4.4176441
location	Aarschot	50.98550925	4.833748006923628
location	Bunsbeek	50.8425529	4.9454461
location	Affligem	50.9035063	4.1174675
location	Schaerbeek	50.8676041	4.3737121
location	Woluwe-Saint-Lambert	50.8430448	4.4256732
location	Fontaine-l'Évêque	50.4117794	4.3246322
location	Lembeek	50.7135392	4.2229681
location	Huizingen	50.7481095	4.276727
location	Vossem	50.8354014	4.5607522
location	Gosselies	50.473588649999996	4.44924225712702
location	Fleurus	50.482944	4.549699
location	Gilly	50.4262689	4.484719762079403
location	Houdeng-Goegnies	50.4879863	4.1575303
location	Wolvertem	50.9510266	4.3085198
location	Londerzeel	51.0122466	4.299072941633785
location	Saint-Gilles BE	50.8258276	4.3544962
location	Groot-Bijgaarden	50.8707084	4.2651493
location	Uccle	50.8035441	4.3338445
location	Jette	50.8759585	4.3245702
location	Saint-Josse-ten-Noode	50.8508197	4.3691634
location	Roosdaal	50.8341383	4.0972238
location	Vilvoorde	50.9287524	4.4228712
location	Meer	51.4471565	4.7390521
location	Kraainem	50.8425698	4.469203440443001
location	Putte	51.0570823	4.6310473
location	Meise	50.9341625	4.3287322
location	Etterbeek	50.8361447	4.3861737
location	Herselt	51.055408099999994	4.9018080031354065
location	Heusden-Zolder	51.0233485	5.2750485
location	Walcourt	50.2513997	4.4314089
location	Courcelles	50.4574699	4.376008
location	Tapaua	-5.6232283	-63.1879157
location	Caapiranga	-3.3188884	-61.2096404
location	Manaquiri	-3.4305885	-60.4593078
location	Rio Preto Da Eva	-2.6990647	-59.7012494
location	Carauari	-4.8766426	-66.8961433
location	São Gabriel Da Cachoeira	-0.1249715	-67.0813855
location	Careiro	-3.8185277	-60.3616505
location	Autazes	-3.5833283	-59.1301518
location	Buerarema	-14.9571177	-39.3008035
location	Camacan	-15.4166631	-39.4930088
location	Cordeiros	-15.0397219	-41.9314228
location	Floresta Azul	-14.8602238	-39.6561384
location	Ilheus	-14.792599	-39.0453843
location	Itacare	-14.2781298	-38.9951418
location	Jussari	-15.1882453	-39.493597
location	Pau Brasil	-15.4645802	-39.6518409
location	Planaltina	-15.6181947	-47.6555703
location	Vila Valerio	-18.9984033	-40.3894342
location	Guarapari	-20.6718755	-40.4984617
location	Aracruz	-19.8245218	-40.2735025
location	Santa Maria de Jetiba	-20.025296	-40.743931
location	Rochedo	-18.539039	-40.7851738
location	Serra	-20.1252961	-40.3064477
location	Baixo Guandu	-19.5138322	-41.0182089
location	Lorena SP	-22.7367652	-45.1070876
location	Governador Lindenberg	-19.25076	-40.462888
location	Vila Pavao	-18.6191731	-40.6043622
location	Irupi	-20.346479	-41.6392581
location	Sao Gabriel Da Palha	-19.0148349	-40.539464
location	Santa Barbara de Goias	-16.5779125	-49.6982268
location	Cidade Ocidental	-16.1000758	-47.9445014
location	Sanclerlandia	-16.1993165	-50.309374
location	Turvania	-16.6120126	-50.1352075
location	Mangueira	-16.6017274	-49.2617098
location	Britania	-15.2427599	-51.1602061
location	Jaragua	-15.7528866	-49.3344033
location	Trindade	-16.6549924	-49.4876203
location	Simao	-18.9941302	-50.5468215
location	Rio Verde	-17.7921255	-50.9191219
location	Santa Ines	-3.6647821	-45.3826869
location	Cachoeira Grande	-2.9290492	-44.0573223
location	Sao Jose de Ribamar	-2.5609115	-44.0559509
location	Caxias	-4.8654201	-43.353664
location	Anapurus	-3.6751298	-43.1046001
location	Imperatriz	-5.5269279	-47.478115
location	Miranda do Norte	-3.5653459	-44.5809128
location	Timon	-5.1023325	-42.8449518
location	Vargem Grande	-3.5443611	-43.9149128
location	Cajapio	-2.8778715	-44.6746871
location	Pirapemas	-3.7270563	-44.2267429
location	Betim	-19.968056	-44.198333
location	Ouro Branco	-20.5230256	-43.6917329
location	Sabara	-19.8900372	-43.8107916
location	Bom Despacho	-19.7375242	-45.2517288
location	Aracuai	-16.8484451	-42.0661868
location	Governador Valadares	-18.8539497	-41.9458753
location	Divinopolis	-20.1597367	-44.8735103
location	Ibitiura de Minas	-22.060833	-46.439722
location	Coromandel	-18.473889	-47.200278
location	Monte Alegre de Minas	-18.870278	-48.880556
location	Guape	-20.7619447	-45.9174969
location	Guaira	-20.3245873	-48.3148818
location	Paracatu	-17.2174056	-46.8707514
location	Desterro do Melo	-21.1460033	-43.518329
location	Muriae	-21.130556	-42.366389
location	Confins	-19.6278749	-43.9912311
location	Alem do Paraiba	-21.8760576	-42.6810473
location	Esmeraldas BR	-19.68229365	-44.18482605
location	Ponta Pora	-22.5286917	-55.723426
location	Maracaju	-21.6163005	-55.164605
location	Sete Quedas	-23.978822	-55.0428349
location	Agua Clara	-20.4385757	-52.8797496
location	Sonora	-17.5852028	-54.7548288
location	Dourados	-22.2206145	-54.812208
location	Rondonopolis	-23.8893663	-54.4079702
location	Jardim	-21.479941	-56.148902
location	Guia Lopes Da Laguna	-21.5375346	-55.96134153440401
location	Bonito	-21.1264766	-56.4902208
location	Selviria	-20.3638312	-51.4183823
location	Camapua	-19.5291747	-54.0434641
location	Alcinópolis	-18.3264121	-53.7094463
location	Tres Lagoas	-20.7866799	-51.7061247
location	Anastacio	-20.4832458	-55.8048448
location	Amambai	-23.1082701	-55.2284854
location	Navirai	-23.0622152	-54.2018319
location	Ladario	-19.0036585	-57.6028285
location	Nova Andradina	-22.2477565	-53.3480621
location	Nova Alvorada do Sul	-21.4587274	-54.3760634
location	Laguna Carapa	-22.5549233	-55.1505549
location	Cuiaba	-15.5986686	-56.0991301
location	Belem do Para	-1.45056	-48.4682453
location	Areia	-6.9680243	-35.6994783
location	Bayeux	-7.1301631	-34.936532
location	Cabedelo	-6.97324	-34.8351609
location	Conde	-7.2600359	-34.9053524
location	Itabaiana	-7.331674	-35.331723
location	Joao Pessoa	-7.1215981	-34.882028
location	Monteiro	-7.8920179	-37.1232051
location	Sao Jose do Brejo do Cruz	-6.212327	-37.3544536
location	Sape	-7.093591	-35.227975
location	Sossego	-6.767694	-36.2455081
location	Carpina	-7.8459151	-35.2538861
location	Arcoverde	-8.415192	-37.057748
location	Paulista	-7.9340069	-34.868407
location	Olinda	-7.9986401	-34.8459552
location	Cha Grande	-8.238271	-35.457148
location	Araripina	-7.5768582	-40.5038509
location	Sao Bento do Una	-8.5207092	-36.4445546
location	Toledo	-24.7222438	-53.7402476
location	Umuarama	-23.7621152	-53.3116192
location	Marechal Candido Rondon	-24.5582532	-54.0587821
location	Uniao Da Vitoria	-26.228596	-51.0869796
location	Cascavel	-24.9554996	-53.4560544
location	Ponta Grossa	-25.0891685	-50.1601812
location	Irati	-25.469663	-50.649287
location	Carambei	-24.9513298	-50.1171293
location	Araucaria	-25.5861107	-49.4051209
location	Sulina	-25.7001327	-52.7207833
location	Terra Boa	-23.768329	-52.447002
location	Francisco Beltrao	-26.0790979	-53.0533527
location	Mangueirinha	-25.9412009	-52.1740852
location	Quedas do Iguacu	-25.453001	-52.9090429
location	Borrazopolis	-23.9399295	-51.5842203
location	Castro	-24.794072	-49.9972914
location	Lapa	-25.76709	-49.716777
location	Astorga BR	-23.2350184	-51.6647074
location	Cornelio Procopio	-23.1825218	-50.6499263
location	Boa Esperanca do Iguacu	-25.6362851	-53.2139114
location	Nilópolis	-22.8080114	-43.4138222
location	Itaperuna	-21.2048	-41.88801
location	Cabo Frio	-22.8804369	-42.0189227
location	Mage	-22.6604221	-43.0426162
location	Paraiba do Sul	-22.1636384	-43.2916915
location	Rio Bonito	-22.7108378	-42.6271864
location	Rio Claro RJ	-22.6979385	-44.0019381
location	Porto Real	-22.4198366	-44.2897974
location	Bom Jesus do Itabapoana	-21.1341025	-41.680095
location	Miracema	-21.4123651	-42.1965147
location	Resende	-22.4683626	-44.4463494
location	Sao Miguel do Guapore	-11.6951466	-62.7195739
location	Porto Velho	-8.7494525	-63.8735438
location	Carlos Barbosa	-29.2978372	-51.5005613
location	Sapiranga	-29.6392382	-51.0068586
location	Barao	-29.372474	-51.494908
location	Linha Nova	-29.467709	-51.2001125
location	Morro Reuter	-29.5389519	-51.0818864
location	Alto Feliz	-29.3785943	-51.3123751
location	Tupandi	-29.4779269	-51.4209232
location	Sao Sebastiao do Cai	-29.5911777	-51.3778772
location	Sapucaia do Sul	-29.8197019	-51.1608722
location	Campo Bom	-29.678418	-51.0572268
location	Tramandai	-29.9855339	-50.1316076
location	Igrejinha	-29.569318	-50.791894
location	Santa Maria RS	-29.6455654	-50.802574
location	Riozinho	-29.6404582	-50.4596262
location	Três Coroas	-29.5155023	-50.7770635
location	Parobe	-29.624257	-50.83118
location	Estância Velha	-29.6529666	-51.1719687
location	Rolante	-29.6527945	-50.5769391
location	Nova Santa Rita	-29.8489972	-51.2764275
location	São Leopoldo	-29.7544405	-51.1516497
location	Gravataí	-29.9440222	-50.9930938
location	Cambará do Sul	-29.0489517	-50.145412
location	Glorinha	-29.8790534	-50.7869437
location	Triunfo	-29.9407972	-51.7191859
location	Montenegro	-29.6826112	-51.4687455
location	Rio Grande BR	-32.0855763	-52.157606
location	Guaiba	-30.1130731	-51.329442
location	Camaquã	-30.8524752	-51.8075619
location	Sertao	-27.9853815	-52.257587
location	Caxias do Sul	-29.1684951	-51.1796197
location	Lajeado	-29.4671522	-51.9624046
location	Viamao	-30.0819338	-51.0261927
location	Balneario Pinhal	-30.2482978	-50.234585
location	Estrela Velha	-29.1775802	-53.1597523
location	Taquari	-29.79433	-51.865346
location	Gramado	-29.3787488	-50.8724941
location	Santa Rosa BR	-29.6135431	-50.7612238
location	Novo Cabrais	-29.7347439	-52.9499851
location	Porto Xavier	-27.9061459	-55.1395757
location	Nova Brescia	-29.2158737	-52.0290188
location	Farroupilha	-29.22647	-51.3468188
location	Sao Borja	-28.6592237	-56.0044295
location	São Domingos do Sul	-28.5297239	-51.8905306
location	Lavras do Sul	-30.8118057	-53.8982856
location	Xangri-la	-29.8039422	-50.0413748
location	Três Cachoeiras	-29.4521243	-49.9190608
location	Santo Angelo	-28.3000481	-54.2669971
location	Santo Antonio Da Patrulha	-29.826768	-50.517489
location	Santana do Livramento	-30.803658900000002	-55.52430857825763
location	Florianopolis	-27.5973002	-48.5496098
location	Balneario Arroio do Silva	-28.9815269	-49.4189932
location	Lages	-27.8165664	-50.325883
location	Joinville	-26.3044898	-48.8486726
location	Palhoca	-27.6447774	-48.6646323
location	Sao Jose	-27.5877184	-48.6493272
location	Barra Dos Coqueiros	-10.9075694	-37.0386249
location	Americana	-22.7392463	-47.3306032
location	Juquitiba	-23.932346	-47.0714217
location	Cesário Lange	-23.226035	-47.954453
location	Campinas	-22.90556	-47.06083
location	Embu Das Artes	-23.6495294	-46.8528497
location	Iguape	-24.7042692	-47.5563733
location	Sete Barras	-24.3878438	-47.9265798
location	Barueri	-23.5112184	-46.8764612
location	Estrela do Norte	-22.4886301	-51.6606857
location	Mogi Das Cruzes	-23.5234284	-46.1926671
location	Ourinhos	-22.9777918	-49.868204
location	Pariquera-Acu	-24.7146891	-47.8802361
location	Pindamonhangaba	-22.9340165	-45.462938
location	Cajati	-24.7272376	-48.1077914
location	Caraguatatuba	-23.62028	-45.41306
location	Vargem Grande Paulista	-23.599338	-47.022038
location	Suzano	-23.5427842	-46.3108391
location	Ouro Verde	-21.4892638	-51.7025981
location	Santana de Parnaiba	-23.4446715	-46.9167722
location	Piracaia	-23.052545	-46.359374
location	Peruibe	-24.3218105	-46.9977452
location	Diadema	-23.681347	-46.62052
location	Santa Isabel	-23.3194222	-46.2271903
location	Santa Cruz do Rio Pardo	-22.9060715	-49.6277378
location	Aguas de Santa Barbara	-22.8821912	-49.2383956
location	Uru	-21.7846064	-49.2819702
location	Caieiras	-23.3644621	-46.7484765
location	Cajamar	-23.3561111	-46.8769444
location	Biritiba Mirim	-23.5697765	-46.0407456
location	Cubatao	-23.8857982	-46.4241869
location	Itanhaem	-24.1848847	-46.7921572
location	Guarujá	-23.9927768	-46.2558332
location	Praia Grande	-24.005833	-46.402778
location	Porto Ferreira	-21.8529134	-47.4794943
location	Araçatuba	-21.207992	-50.4390225
location	Garca	-22.2125766	-49.6547994
location	Vera Cruz (São Paulo)	-24.0989042	-46.6291671
location	Quintana	-22.0705513	-50.308652
location	Oriente	-22.1525442	-50.0935645
location	Sao Pedro do Turvo	-22.745286	-49.742829
location	Avare	-23.1045215	-48.9259103
location	Borebi	-22.5700178	-48.9714871
location	Regente Feijo	-22.218131	-51.30545
location	Presidente Bernardes	-22.0064609	-51.5542973
location	Ribeirao Dos Indios	-21.8378246	-51.602158
location	Sandovalina	-22.4560782	-51.7634004
location	Narandiba	-22.4080573	-51.5251755
location	Santo Anastacio	-21.974662	-51.652662
location	Martinopolis	-22.146153	-51.170949
location	Alvares Machado	-22.076415	-51.47224
location	Tarabai	-22.3038726	-51.5628675
location	Presidente Epitacio	-21.765074	-52.11114
location	Dracena	-21.4835523	-51.5334408
location	Presidente Venceslau	-21.877116	-51.8451047
location	Teodoro Sampaio	-22.5300202	-52.1686847
location	Oswaldo Cruz	-21.7962773	-50.879119
location	Guapiara	-24.18921	-48.529549
location	Itarare	-24.1145368	-49.3352464
location	Tatui	-23.3518451	-47.848026
location	Tiete	-23.1030302	-47.7147937
location	Salto	-23.1989983	-47.2913682
location	Sao Miguel Arcanjo	-23.8807771	-47.9963492
location	Angatuba	-23.4938938	-48.4110675
location	Sorocaba	-23.5007185	-47.4574439
location	Ibiuna	-23.6548363	-47.2210116
location	Itu	-23.2638828	-47.298892
location	Porto Feliz	-23.2125392	-47.5240065
location	Itabera	-23.8621345	-49.1398926
location	Ubarana	-21.1637674	-49.7167796
location	Catanduva	-21.1331035	-48.9712817
location	Meridiano	-20.3547223	-50.172574
location	Votuporanga	-20.4252908	-49.972028
location	Cardoso	-20.080447	-49.9139767
location	Ipigua	-20.657282	-49.3881146
location	Mirassolandia	-20.6147204	-49.462817
location	Potirendaba	-21.0457369	-49.3767154
location	Jales	-20.2671767	-50.5492435
location	Sao Jose do Rio Preto	-20.8125851	-49.3804212
location	Fernandopolis	-20.2825647	-50.2500762
location	Mira Estrela	-19.9806298	-50.136873
location	Guapiacu	-20.79663	-49.2253917
location	Santo Andre	-23.6573395	-46.5322504
location	Sao Bernardo do Campo	-23.7080345	-46.5506747
location	Birigui	-21.2908491	-50.34144
location	Mirandopolis	-21.1328313	-51.1029422
location	Pereira Barreto	-20.6378509	-51.1052172
location	Guararapes	-21.2542739	-50.6440083
location	Avanhandava	-21.4603331	-49.9465156
location	Castilho	-20.8695636	-51.4877792
location	Valparaiso BR	-23.667584750000003	-46.54843777616598
location	Auriflama	-20.6840418	-50.5554616
location	Matao	-21.6033611	-48.3660603
location	Taquaritinga	-21.407486	-48.5054848
location	Sao Carlos	-22.0180395	-47.891154
location	Descalvado	-21.9090404	-47.6203241
location	Itapolis	-21.5958368	-48.8122696
location	Juquia	-24.3172209	-47.6355618
location	Registro	-24.497942	-47.844895
location	Espirito Santo do Pinhal	-22.190871	-46.74767
location	Ubatuba	-23.433162	-45.083415
location	Biritiba-Mirim	-23.5697765	-46.0407456
location	Atibaia	-23.1177393	-46.5547861
location	Campo Limpo Paulista	-23.207791	-46.788919
location	Hortolandia	-22.85833	-47.22
location	Holambra	-22.6332028	-47.0545305
location	Penapolis	-21.4192406	-50.0765588
location	Itaquaquecetuba	-23.4754492	-46.3514033
location	Ilha Solteira	-20.4281001	-51.3410871
location	Nova Odessa	-22.783186	-47.294059
location	Jandira	-23.5282627	-46.9020647
location	Jundiai	-23.1887668	-46.884506
location	Sumare	-22.8217964	-47.267105
location	Jarinu	-23.0949584	-46.7148636
location	Cunha	-23.07753	-44.9567436
location	Braganca Paulista	-22.9520235	-46.5418586
location	Taubate	-23.031448	-45.5612792
location	Amparo	-22.70111	-46.76444
location	Mairipora	-23.3186111	-46.5866667
location	Taruma	-22.7474736	-50.5783374
location	Limeira	-22.5615068	-47.401766
location	Araras	-22.3569477	-47.3838889
location	Jacareí	-23.30528	-45.96583
location	Ribeirao Pires	-23.7129388	-46.4150871
location	Taiacu	-21.143144	-48.511203
location	Guariba	-21.35938	-48.23158
location	Francisco Morato	-23.2817308	-46.7448996
location	Pedreira	-22.741347	-46.894846
location	Vargem Grande do Sul	-21.832194	-46.891286
location	Sao Joao Da Boa Vista	-21.9778137	-46.7881722
location	Capao Bonito	-24.0048759	-48.3489848
location	Sao Roque	-23.5304843	-47.1355473
location	Boituva	-23.2838893	-47.6738231
location	Mairinque	-23.5401247	-47.1846323
location	Rio Claro SP	-22.4099468	-47.5603801
location	Jaguariuna	-22.70374	-46.985062
location	Ipero	-23.3508977	-47.687611
location	Capela do Alto	-23.4704798	-47.7352309
location	Morro Agudo	-20.7276692	-48.052795
location	Olimpia	-20.736634	-48.910625
location	Franca	-20.5381768	-47.4009795
location	Aracoiaba Da Serra	-23.5045367	-47.6168158
location	Bilac	-21.403962	-50.47464
location	Bora	-22.2703347	-50.5442675
location	Candido Mota	-22.7434964	-50.38924
location	Julio Mesquita	-22.0099839	-49.7889446
location	Cacapava	-23.099204	-45.707645
location	Adamantina	-21.6866517	-51.0762975
location	Herculandia	-22.004508	-50.3862746
location	Guararema	-23.4133724	-46.0379249
location	Indaiatuba	-23.09028	-47.21806
location	Embu-Guacu	-23.8317997	-46.8156204
location	Santa Barbara D'Oeste	-22.7542539	-47.4137884
location	Viradouro	-20.8726051	-48.2968122
location	Orlandia	-20.720278	-47.886667
location	Patrocinio Paulista	-20.6383609	-47.2801241
location	Guara	-20.4290496	-47.8250067
location	Ituverava	-20.3366604	-47.7797924
location	Bertioga	-23.848568	-46.139586
location	Petrolandia	-8.9701861	-38.2213655
location	Itapetim	-7.377514	-37.1887321
location	Araguaina	-7.193241	-48.2018597
location	Palmas	-10.1835604	-48.3337793
location	Presidente Kennedy	-8.5340643	-48.5060747
location	Sandolandia	-12.5389465	-49.9285958
location	Formoso do Araguaia	-11.8059989	-49.5257153
location	Araguatins	-5.6529384	-48.1161923
location	Gurupi	-11.72794	-49.068046
location	Talca	-35.4266305	-71.6661153
location	San Clemente CL	-35.5219511	-71.5129438
location	Molina	-35.1139703	-71.2799798
location	Huechuraba	-33.365721449999995	-70.6429271186091
location	Melipilla	-33.6855134	-71.2145796
location	Talagante	-33.6643506	-70.9298675
location	San Bernardo	-33.5922859	-70.7045838
location	Las Condes	-33.4247879	-70.51749760753927
location	Independencia	-33.41447275	-70.66595560996643
location	Iquique	-20.2140657	-70.1524646
location	Limache	-33.0018741	-71.2657315
location	Valparaiso CL	-32.4391113	-71.2109938
location	Alajuela	10.4624947	-84.46749800761293
location	Flores	10.0062179	-84.1572343
location	Faroe Islands	55.78941545	12.4976698
location	Blanzat	45.8283549	3.0771704
location	Annecy	45.8992348	6.1288847
location	Lyon	45.7578137	4.8320114
location	Saint-Martin-D'Hères	45.1836683	5.75448
location	Bron	45.7337532	4.9092352
location	Vannes	47.6586772	-2.7599079
location	Mehun sur Yevre	47.1462117	2.2214381
location	Tours	47.3900474	0.6889268
location	Bethune	50.5223438	2.6385601
location	Paris	48.8566969	2.3514616
location	Essonne	48.53034015	2.239291805668168
location	Saint Mandé	48.8432633	2.4185126
location	Neuilly sur Seine	48.884683	2.2695658
location	Saint Ouen l'Aumone	49.044765	2.1059841
location	Levallois-Perret	48.892956	2.2881683
location	Pontoise	49.0508845	2.1008067
location	Puilboreau	46.1853	-1.11435
location	Casteljaloux	44.3135784	0.0882703
location	Anglet	43.4813927	-1.5149935
location	Montpellier	43.6112422	3.8767337
location	Toulon	43.1257311	5.9304919
location	Cagnes-sur-Mer	43.6612012	7.1513834
location	Antibes	43.5836	7.10905
location	Angers	47.4739884	-0.5515588
location	Saumur	47.2596224	-0.0785177
location	La Roche-sur-Yon	46.6705431	-1.4269698
location	Gibraltar	51.791921	-0.9022301
location	Sidoarjo	-7.4559622	112.66022171549456
location	Rome	41.8933203	12.4829321
location	Varese	45.83971285	8.754157594917665
location	Venezia	45.4371908	12.3345898
location	Vicenza	45.63485905	11.40635425660249
location	Rovigo	44.97720615	12.274190436964231
location	Puerto Vallarta	20.6407176	-105.220306
location	Zapopan	20.7211203	-103.3913671
location	Victoriano Lorenzo	9.032232950000001	-79.50808452571513
location	Cascais	38.72240025	-9.396909171649877
location	Montijo PT	38.682398750000004	-8.939263444822195
location	Vila Franca de Xira	38.912368400000005	-8.988824041991643
location	Ozyorsk	55.76046	60.705101
location	Azovo	54.70385	73.026871
location	Verkhnyaya Pyshma	56.9724682	60.5738926
location	Santa Brigida	28.035684	-15.4974676
location	Santa Maria de Guia de Gran Canaria	28.1390522	-15.6318282
location	Badalona	41.4493539	2.248254
location	Montornes del Valles	41.542545	2.2670557
location	Figueres	42.2666314	2.9638434
location	Vigo	42.2376602	-8.7247205
location	Donostia-San Sebastian	43.3224219	-1.9838889
location	Reinach	47.4935369	7.5910891
location	Basel	47.5581077	7.5878261
location	Pima County	32.11806944999999	-110.89844975618468
location	Clark County NV	36.1772608	-115.1444736
location	Queens County	40.7099974	-73.7943239
location	Kings County NY	40.576127	-73.975939
location	Westchester County	41.068125	-73.8142505
location	Suffolk County	40.861636	-72.515976
location	Lane County OR	44.0953185	-123.1274999
location	Marathon County	44.8914036	-89.7748098
location	Wood County WI	44.39374545	-89.80299069678301
location	Waukesha County	42.9933755	-88.2441376835577
location	Bella Union	-30.2612301	-57.6059002
location	Anchorage and Matanuska-Susitna	61.5840639	-149.429444
location	Madison County AL	34.7736807	-86.5675095
location	San Francisco County	37.7801887	-122.4785983
location	Honolulu County	21.468151	-157.960511
location	Cook County	41.8197385	-87.756525
location	Dupage County	41.8603735	-88.0906873
location	Lake County IN	41.5616213	-87.47560614190573
location	Bronx County	40.8506558	-73.8665241
location	Erie County	42.7164263	-78.7620327
location	Dutchess County	41.7194303	-73.7516205
location	Ulster County	41.8689317	-74.2618518
location	Hampton County	32.7861789	-81.1237271
location	El Paso County	31.8072184	-106.2230394

